Workbook

Sheet Cover
B2: [PORTFOLIO] — Risk Management Model
B4: Portfolio: | C4: [fill in]
B5: Base currency: | C5: USD
B6: Last refreshed: | C6: [date]
B7: Risk review cadence: | C7: Weekly (daily in stress periods)

Sheet VaR
B2: Value at Risk — Parametric (Variance-Covariance)
B4: Inputs
B5: Portfolio value ($) | C5: 0
B6: Daily volatility (sigma, %) | C6: 0.015
B7: Confidence level (e.g. 0.95, 0.99) | C7: 0.95
B8: Holding period (days) | C8: 1
B10: Outputs
B11: Z-score for confidence level | C11: =NORMSINV(C7) -> 1.6448536
B12: 1-day VaR ($) | C12: =C5*C6*C11 -> 0
B13: N-day VaR ($, scaled by sqrt(time)) | C13: =C12*SQRT(C8) -> 0 | D13: Square-root-of-time scaling assumes i.i.d. returns — a simplification, not exact for fat tails
B14: VaR as % of portfolio | C14: =IFERROR(C13/C5,"-") -> -
B15: Expected Shortfall / CVaR (1-day, $) | C15: =IFERROR(C5*C6*NORMDIST(C11,0,1,FALSE())/(1-C7),"-") -> 0 | D15: Analytic ES under normality: sigma x phi(Z) / (1-confidence). Always >= VaR — it's the average loss GIVEN that VaR is breached, not just the threshold.
B18: Historical VaR (alternative method)
B19: Enter trailing daily P&L observations below (min 100 recommended)
B20: Historical VaR = PERCENTILE of P&L distribution at (1-confidence)
B21: Historical VaR ($) | C21: =IFERROR(-PERCENTILE(E23:E122,1-C7),"-") -> -
B22: Historical CVaR / ES ($, avg of losses beyond the VaR percentile) | C22: =IFERROR(-AVERAGEIF(E23:E122,"<="&PERCENTILE(E23:E122,1-C7)),"-") -> - | E22: Daily P&L ($)

Sheet Stress Scenarios
B2: Stress Scenarios
B4: Scenario | C4: Shock applied | D4: Portfolio impact ($) | E4: Notes
B5: 2008-style equity crash | C5: -0.4 | D5: =VaR!$C$5*C5 -> 0 | E5: [calibrate shock to actual portfolio beta/sensitivity]
B6: Rate shock +200bp | C6: -0.1 | D6: =VaR!$C$5*C6 -> 0 | E6: [calibrate shock to actual portfolio beta/sensitivity]
B7: Credit spread widening +300bp | C7: -0.08 | D7: =VaR!$C$5*C7 -> 0 | E7: [calibrate shock to actual portfolio beta/sensitivity]
B8: FX shock (base currency -15%) | C8: -0.15 | D8: =VaR!$C$5*C8 -> 0 | E8: [calibrate shock to actual portfolio beta/sensitivity]
B9: Liquidity event (haircut on illiquids) | C9: -0.25 | D9: =VaR!$C$5*C9 -> 0 | E9: [calibrate shock to actual portfolio beta/sensitivity]

Sheet Sensitivity
B2: Sensitivity — VaR by Vol & Confidence
B4: Daily vol \ Confidence | C4: 0.9 | D4: 0.95 | E4: 0.975 | F4: 0.99 | G4: 0.995
B5: 0.01 | C5: =VaR!$C$5*B5*NORMSINV(C4) -> 0 | D5: =VaR!$C$5*B5*NORMSINV(D4) -> 0 | E5: =VaR!$C$5*B5*NORMSINV(E4) -> 0 | F5: =VaR!$C$5*B5*NORMSINV(F4) -> 0 | G5: =VaR!$C$5*B5*NORMSINV(G4) -> 0
B6: 0.015 | C6: =VaR!$C$5*B6*NORMSINV(C4) -> 0 | D6: =VaR!$C$5*B6*NORMSINV(D4) -> 0 | E6: =VaR!$C$5*B6*NORMSINV(E4) -> 0 | F6: =VaR!$C$5*B6*NORMSINV(F4) -> 0 | G6: =VaR!$C$5*B6*NORMSINV(G4) -> 0
B7: 0.02 | C7: =VaR!$C$5*B7*NORMSINV(C4) -> 0 | D7: =VaR!$C$5*B7*NORMSINV(D4) -> 0 | E7: =VaR!$C$5*B7*NORMSINV(E4) -> 0 | F7: =VaR!$C$5*B7*NORMSINV(F4) -> 0 | G7: =VaR!$C$5*B7*NORMSINV(G4) -> 0
B8: 0.025 | C8: =VaR!$C$5*B8*NORMSINV(C4) -> 0 | D8: =VaR!$C$5*B8*NORMSINV(D4) -> 0 | E8: =VaR!$C$5*B8*NORMSINV(E4) -> 0 | F8: =VaR!$C$5*B8*NORMSINV(F4) -> 0 | G8: =VaR!$C$5*B8*NORMSINV(G4) -> 0
B9: 0.03 | C9: =VaR!$C$5*B9*NORMSINV(C4) -> 0 | D9: =VaR!$C$5*B9*NORMSINV(D4) -> 0 | E9: =VaR!$C$5*B9*NORMSINV(E4) -> 0 | F9: =VaR!$C$5*B9*NORMSINV(F4) -> 0 | G9: =VaR!$C$5*B9*NORMSINV(G4) -> 0

Sheet Portfolio VaR (Multi-Asset)
B2: Portfolio VaR — Multi-Asset with Correlation
B4: Confidence level | C4: 0.95
B5: Z-score | C5: =NORMSINV(C4) -> 1.6448536
B7: Positions
B8: Position | C8: $ Exposure | D8: Daily Vol % | E8: Standalone 1-day VaR
B9: Position A | C9: 0 | D9: 0.02 | E9: =IFERROR(C9*D9*$C$5,"-") -> 0
B10: Position B | C10: 0 | D10: 0.02 | E10: =IFERROR(C10*D10*$C$5,"-") -> 0
B11: Position C | C11: 0 | D11: 0.02 | E11: =IFERROR(C11*D11*$C$5,"-") -> 0
B13: Correlation matrix (fill upper triangle; mirrored below)
C14: Position A | D14: Position B | E14: Position C
B15: Position A | C15: 1 | D15: 0.3 | E15: 0.3
B16: Position B | C16: =D15 -> 0.3 | D16: 1 | E16: 0.3
B17: Position C | C17: =E15 -> 0.3 | D17: =E16 -> 0.3 | E17: 1
B19: Portfolio Aggregation
B20: Portfolio variance ($^2) | C20: =C9*D9*C9*D9*C15+C9*D9*C10*D10*D15+C9*D9*C11*D11*E15+C10*D10*C9*D9*C16+C10*D10*C10*D10*D16+C10*D10*C11*D11*E16+C11*D11*C9*D9*C17+C11*D11*C10*D10*D17+C11*D11*C11*D11*E17 -> 0
B21: Portfolio standard deviation ($) | C21: =SQRT(C20) -> 0
B22: Portfolio 1-day VaR | C22: =C21*C5 -> 0
B23: Undiversified VaR (sum of standalone position VaRs) | C23: =SUM(E9:E11) -> 0
B24: Diversification benefit | C24: =C23-C22 -> 0 | D24: Always >= 0 unless correlations are all exactly 1 -- this is the entire point of not underwriting each position in isolation
B26: Component VaR (marginal contribution to portfolio risk)
B27: Position A | C27: =IFERROR((C9*(D9*(C9*D9*C15+C10*D10*D15+C11*D11*E15))/C20)*C22,"-") -> -
B28: Position B | C28: =IFERROR((C10*(D10*(C9*D9*C16+C10*D10*D16+C11*D11*E16))/C20)*C22,"-") -> -
B29: Position C | C29: =IFERROR((C11*(D11*(C9*D9*C17+C10*D10*D17+C11*D11*E17))/C20)*C22,"-") -> -
B30: Sum of component VaRs (check — must equal Portfolio 1-day VaR exactly) | C30: =SUM(C27:C29) -> 0 | D30: Euler's homogeneity theorem: for a variance-based risk measure, marginal contributions always sum exactly to the total -- a built-in formula check, not a coincidence

Sheet RefreshLog
B2: Refresh Log
B4: Date | C4: Trigger | D4: What changed | E4: Reviewer notes | F4: Next check
