Workbook

Sheet Cover
B2: [COMMODITY] — Commodities Model
B4: Commodity: | C4: [e.g. WTI Crude, Corn, Copper]
B5: Exchange: | C5: [NYMEX / CME / ICE]
B6: Last refreshed: | C6: [date]
B7: Next roll date: | C7: [date]
B8: Refresh cadence: | C8: Weekly (daily near roll/expiry)

Sheet Futures Curve
B2: Futures Curve — Contango / Backwardation
B4: Contract month | C4: Price | D4: Days to expiry | E4: Annualized basis % | F4: vs. front month | G4: Curve shape
B5: M1 (front) | C5: 0 | D5: 0 | E5: =IFERROR((C5/$C$5-1)*(365/(D5-$D$5)),"-") -> - | F5: =IFERROR(C5/$C$5-1,"-") -> - | G5: =IF(C5>$C$5,"Contango",IF(C5<$C$5,"Backwardation","Flat")) -> Flat
B6: M2 | C6: 0 | D6: 0 | E6: =IFERROR((C6/$C$5-1)*(365/(D6-$D$5)),"-") -> - | F6: =IFERROR(C6/$C$5-1,"-") -> - | G6: =IF(C6>$C$5,"Contango",IF(C6<$C$5,"Backwardation","Flat")) -> Flat
B7: M3 | C7: 0 | D7: 0 | E7: =IFERROR((C7/$C$5-1)*(365/(D7-$D$5)),"-") -> - | F7: =IFERROR(C7/$C$5-1,"-") -> - | G7: =IF(C7>$C$5,"Contango",IF(C7<$C$5,"Backwardation","Flat")) -> Flat
B8: M6 | C8: 0 | D8: 0 | E8: =IFERROR((C8/$C$5-1)*(365/(D8-$D$5)),"-") -> - | F8: =IFERROR(C8/$C$5-1,"-") -> - | G8: =IF(C8>$C$5,"Contango",IF(C8<$C$5,"Backwardation","Flat")) -> Flat
B9: M12 | C9: 0 | D9: 0 | E9: =IFERROR((C9/$C$5-1)*(365/(D9-$D$5)),"-") -> - | F9: =IFERROR(C9/$C$5-1,"-") -> - | G9: =IF(C9>$C$5,"Contango",IF(C9<$C$5,"Backwardation","Flat")) -> Flat

Sheet Cost of Carry
B2: Cost of Carry & Implied Convenience Yield
B3: The Futures Curve tab shows THAT a curve is in contango or backwardation. This explains WHY: the cost-of-carry model says F = S x e^((r+u-y)T) -- given the market's own observed futures prices, solve for y, the convenience yield, which is the market's revealed value of holding physical inventory right now (stockout risk, production flexibility) rather than buying the future.
B5: Inputs
B6: Spot price | C6: 0
B7: Risk-free rate, r (%) | C7: 0.05
B8: Storage cost, u (% of spot, annualized) | C8: 0.02
B10: Contract month | C10: Days to expiry | D10: T (yrs) | E10: Observed futures price | F10: Theoretical price (no convenience yield) | G10: Implied convenience yield, y (%) | H10: Reprice check (F(y) - observed)
B11: ='Futures Curve'!B5 -> M1 (front) | C11: ='Futures Curve'!D5 -> 0 | D11: =C11/365 -> 0 | E11: ='Futures Curve'!C5 -> 0 | F11: =IFERROR($C$6*EXP(($C$7+$C$8)*D11),"-") -> 0 | G11: =IFERROR(IF(OR(D11=0,$C$6<=0,E11<=0),"-",$C$7+$C$8-LN(E11/$C$6)/D11),"-") -> - | H11: =IFERROR(IF(ISNUMBER(G11),$C$6*EXP(($C$7+$C$8-G11)*D11)-E11,"-"),"-") -> -
B12: ='Futures Curve'!B6 -> M2 | C12: ='Futures Curve'!D6 -> 0 | D12: =C12/365 -> 0 | E12: ='Futures Curve'!C6 -> 0 | F12: =IFERROR($C$6*EXP(($C$7+$C$8)*D12),"-") -> 0 | G12: =IFERROR(IF(OR(D12=0,$C$6<=0,E12<=0),"-",$C$7+$C$8-LN(E12/$C$6)/D12),"-") -> - | H12: =IFERROR(IF(ISNUMBER(G12),$C$6*EXP(($C$7+$C$8-G12)*D12)-E12,"-"),"-") -> -
B13: ='Futures Curve'!B7 -> M3 | C13: ='Futures Curve'!D7 -> 0 | D13: =C13/365 -> 0 | E13: ='Futures Curve'!C7 -> 0 | F13: =IFERROR($C$6*EXP(($C$7+$C$8)*D13),"-") -> 0 | G13: =IFERROR(IF(OR(D13=0,$C$6<=0,E13<=0),"-",$C$7+$C$8-LN(E13/$C$6)/D13),"-") -> - | H13: =IFERROR(IF(ISNUMBER(G13),$C$6*EXP(($C$7+$C$8-G13)*D13)-E13,"-"),"-") -> -
B14: ='Futures Curve'!B8 -> M6 | C14: ='Futures Curve'!D8 -> 0 | D14: =C14/365 -> 0 | E14: ='Futures Curve'!C8 -> 0 | F14: =IFERROR($C$6*EXP(($C$7+$C$8)*D14),"-") -> 0 | G14: =IFERROR(IF(OR(D14=0,$C$6<=0,E14<=0),"-",$C$7+$C$8-LN(E14/$C$6)/D14),"-") -> - | H14: =IFERROR(IF(ISNUMBER(G14),$C$6*EXP(($C$7+$C$8-G14)*D14)-E14,"-"),"-") -> -
B15: ='Futures Curve'!B9 -> M12 | C15: ='Futures Curve'!D9 -> 0 | D15: =C15/365 -> 0 | E15: ='Futures Curve'!C9 -> 0 | F15: =IFERROR($C$6*EXP(($C$7+$C$8)*D15),"-") -> 0 | G15: =IFERROR(IF(OR(D15=0,$C$6<=0,E15<=0),"-",$C$7+$C$8-LN(E15/$C$6)/D15),"-") -> - | H15: =IFERROR(IF(ISNUMBER(G15),$C$6*EXP(($C$7+$C$8-G15)*D15)-E15,"-"),"-") -> -
B17: Reading it: y > r+u means the curve is in backwardation (physical premium exceeds financing+storage cost).
B18: y < r+u means contango (holding physical isn't worth the storage+financing drag) -- consistent with the Futures Curve tab's curve-shape column.

Sheet Roll Yield
B2: Roll Yield
B4: Expiring contract price | C4: ='Futures Curve'!C5 -> 0
B5: Next contract price | C5: ='Futures Curve'!C6 -> 0
B6: Roll yield (%) | C6: =IFERROR(C4/C5-1,"-") -> - | D6: Positive = backwardation roll gain (long-only benefits). Negative = contango roll cost.
B8: Annual roll cost/gain estimate (12 rolls, illustrative) | C8: =IFERROR(C6*12,"-") -> -

Sheet Hedging
B2: Producer / Consumer Hedge Model
B4: Inputs
B5: Physical exposure (units) | C5: 0
B6: Futures contract size (units) | C6: 1000
B7: Spot price | C7: 0
B8: Futures price (hedge contract) | C8: 0
B9: Hedge ratio (beta-adjusted) | C9: 1
B11: Outputs
B12: Contracts needed | C12: =IFERROR(ROUND(C5*C9/C6,0),"-") -> 0
B13: Notional hedged | C13: =C12*C6*C8 -> 0
B14: Unhedged basis exposure | C14: =C5*C7-C13 -> 0

Sheet Sensitivity
B2: Sensitivity — P&L by Spot Move
B4: Spot move % | C4: -0.2 | D4: -0.1 | E4: 0 | F4: 0.1 | G4: 0.2
B5: Unhedged P&L | C5: =Hedging!$C$5*Hedging!$C$7*C4 -> 0 | D5: =Hedging!$C$5*Hedging!$C$7*D4 -> 0 | E5: =Hedging!$C$5*Hedging!$C$7*E4 -> 0 | F5: =Hedging!$C$5*Hedging!$C$7*F4 -> 0 | G5: =Hedging!$C$5*Hedging!$C$7*G4 -> 0
B6: Hedged P&L | C6: =(C4*Hedging!$C$5*Hedging!$C$7)-(C4*Hedging!$C$13) -> 0 | D6: =(D4*Hedging!$C$5*Hedging!$C$7)-(D4*Hedging!$C$13) -> 0 | E6: =(E4*Hedging!$C$5*Hedging!$C$7)-(E4*Hedging!$C$13) -> 0 | F6: =(F4*Hedging!$C$5*Hedging!$C$7)-(F4*Hedging!$C$13) -> 0 | G6: =(G4*Hedging!$C$5*Hedging!$C$7)-(G4*Hedging!$C$13) -> 0

Sheet Sources
B2: Sources
B3: What each material assumption or convention in this model comes from.
B5: Assumption / convention | C5: Source | D5: As of | E5: Note
B6: Cost-of-carry model, F = S x e^((r+u-y)T) | C6: Standard commodity futures pricing theory (theory of storage) | D6: Standard practice | E6: Assumes continuous compounding and a constant storage cost -- real curves can have seasonal storage-cost variation this doesn't capture
B7: Implied convenience yield solved directly from the observed futures price | C7: Derived from the cost-of-carry identity, not statistically fitted | D7: Derived | E7: A point estimate per contract month, not a fitted term-structure model
B8: Roll yield ~ (expiring price / next price) - 1 | C8: Standard commodities practitioner approximation | D8: Standard practice | E8: Assumes a constant-maturity roll; a real fund's roll depends on its specific contract weighting schedule
B9: Hedge contracts needed = physical exposure x hedge ratio / contract size | C9: Standard futures hedging formula | D9: Standard practice | E9: Hedge ratio should reflect basis-risk-adjusted beta, not an assumed 1:1 unless justified

Sheet Checks
B2: Checks
B3: Live reconciliation identities -- independent of the model's own formulas, must tie.
B5: Check | C5: Result | D5: Passes when
B6: Sum of |reprice check| across all 5 contract months (Cost of Carry) | C6: =IFERROR(SUMPRODUCT(ABS(IF(ISNUMBER('Cost of Carry'!H11:H15),'Cost of Carry'!H11:H15,0))),"-") -> 0 | D6: ~0 -- each month's implied convenience yield exactly reprices the observed futures price by construction
B7: Unhedged P&L is zero at a 0% spot move | C7: =Sensitivity!E5 -> 0 | D7: 0 (exact)
B8: Hedged P&L is zero at a 0% spot move | C8: =Sensitivity!E6 -> 0 | D8: 0 (exact)
B9: Curve-shape label matches the sign of the annualized basis (M12 vs. M1) | C9: =IF('Futures Curve'!E9>0,'Futures Curve'!G9="Contango",IF('Futures Curve'!E9<0,'Futures Curve'!G9="Backwardation",TRUE())) -> FALSE | D9: TRUE

Sheet RefreshLog
B2: Refresh Log
B4: Date | C4: Trigger | D4: What changed | E4: Reviewer notes | F4: Next check
