Workbook

Sheet Cover
B2: [STRATEGY] — Quantitative / Systematic Model
B4: Strategy: | C4: [fill in]
B5: Asset class / universe: | C5: [fill in]
B6: Last refreshed: | C6: [date]
B7: Refresh cadence: | C7: Weekly (daily if live-traded)

Sheet Returns & Sharpe
B2: Risk-Adjusted Return Statistics
B4: Monthly return series (enter below, extend as needed)
B5: Month | C5: Return % | E5: Benchmark % | F5: Wealth idx | G5: Peak | H5: Drawdown
B6: M1 | C6: 0 | E6: 0 | F6: =1*(1+C6) -> 1 | G6: =MAX($F$6:F6) -> 1 | H6: =IFERROR(F6/G6-1,"-") -> 0
B7: M2 | C7: 0 | E7: 0 | F7: =F6*(1+C7) -> 1 | G7: =MAX($F$6:F7) -> 1 | H7: =IFERROR(F7/G7-1,"-") -> 0
B8: M3 | C8: 0 | E8: 0 | F8: =F7*(1+C8) -> 1 | G8: =MAX($F$6:F8) -> 1 | H8: =IFERROR(F8/G8-1,"-") -> 0
B9: M4 | C9: 0 | E9: 0 | F9: =F8*(1+C9) -> 1 | G9: =MAX($F$6:F9) -> 1 | H9: =IFERROR(F9/G9-1,"-") -> 0
B10: M5 | C10: 0 | E10: 0 | F10: =F9*(1+C10) -> 1 | G10: =MAX($F$6:F10) -> 1 | H10: =IFERROR(F10/G10-1,"-") -> 0
B11: M6 | C11: 0 | E11: 0 | F11: =F10*(1+C11) -> 1 | G11: =MAX($F$6:F11) -> 1 | H11: =IFERROR(F11/G11-1,"-") -> 0
B12: M7 | C12: 0 | E12: 0 | F12: =F11*(1+C12) -> 1 | G12: =MAX($F$6:F12) -> 1 | H12: =IFERROR(F12/G12-1,"-") -> 0
B13: M8 | C13: 0 | E13: 0 | F13: =F12*(1+C13) -> 1 | G13: =MAX($F$6:F13) -> 1 | H13: =IFERROR(F13/G13-1,"-") -> 0
B14: M9 | C14: 0 | E14: 0 | F14: =F13*(1+C14) -> 1 | G14: =MAX($F$6:F14) -> 1 | H14: =IFERROR(F14/G14-1,"-") -> 0
B15: M10 | C15: 0 | E15: 0 | F15: =F14*(1+C15) -> 1 | G15: =MAX($F$6:F15) -> 1 | H15: =IFERROR(F15/G15-1,"-") -> 0
B16: M11 | C16: 0 | E16: 0 | F16: =F15*(1+C16) -> 1 | G16: =MAX($F$6:F16) -> 1 | H16: =IFERROR(F16/G16-1,"-") -> 0
B17: M12 | C17: 0 | E17: 0 | F17: =F16*(1+C17) -> 1 | G17: =MAX($F$6:F17) -> 1 | H17: =IFERROR(F17/G17-1,"-") -> 0
B18: M13 | C18: 0 | E18: 0 | F18: =F17*(1+C18) -> 1 | G18: =MAX($F$6:F18) -> 1 | H18: =IFERROR(F18/G18-1,"-") -> 0
... B29: M24 | C29: 0 | E29: 0 | F29: =F28*(1+C29) -> 1 | G29: =MAX($F$6:F29) -> 1 | H29: =IFERROR(F29/G29-1,"-") -> 0
B32: Risk-free rate (annual, %) | C32: 0.045
B34: Outputs
B35: Avg monthly return | C35: =AVERAGE(C6:C29) -> 0
B36: Monthly std dev | C36: =STDEV(C6:C29) -> 0
B37: Annualized return | C37: =(1+C35)^12-1 -> 0
B38: Annualized volatility | C38: =C36*SQRT(12) -> 0
B39: Sharpe ratio | C39: =IFERROR((C37-C32)/C38,"-") -> -
B40: Downside deviation (returns < 0 only) | C40: =IFERROR(SQRT(SUMPRODUCT((C6:C29<0)*(C6:C29)^2)/COUNTIF(C6:C29,"<0"))*SQRT(12),"-") -> -
B41: Sortino ratio | C41: =IFERROR((C37-C32)/C40,"-") -> -
B42: Max drawdown | C42: =MIN(H6:H29) -> 0 | D42: Trough of the wealth-index drawdown series (columns F-H) — worst peak-to-trough decline in the sample
B44: Benchmark & Factor Exposure (single-factor / CAPM)
B45: Avg monthly benchmark return | C45: =AVERAGE(E6:E29) -> 0
B46: Annualized benchmark return | C46: =(1+C45)^12-1 -> 0
B47: Beta (vs benchmark) | C47: =IFERROR(SLOPE(C6:C29,E6:E29),"-") -> -
B48: R-squared | C48: =IFERROR(RSQ(C6:C29,E6:E29),"-") -> -
B49: Jensen's alpha (annualized) = Rp - [Rf + Beta x (Rm - Rf)] | C49: =IFERROR(C37-(C32+C47*(C46-C32)),"-") -> - | D49: Positive = generating return beyond what beta exposure to the benchmark would explain

Sheet Statistical Significance
B2: Probabilistic Sharpe Ratio & Minimum Track Record Length
B3: A Sharpe ratio from a short, noisy, skewed return sample is an ESTIMATE, not a fact -- the naive headline number overstates confidence. Bailey & Lopez de Prado's Probabilistic Sharpe Ratio answers 'how confident are we the TRUE Sharpe exceeds some benchmark,' correcting for sample length, skewness, and kurtosis -- exactly the corrections a track record with only 24 months and fat tails actually needs.
B5: Inputs
B6: Benchmark Sharpe to test against, SR* (periodic/monthly) | C6: 0
B7: Confidence level (for Minimum Track Record Length) | C7: 0.95
B9: From the Return Sample
B10: Number of periods, n | C10: =COUNT('Returns & Sharpe'!C6:C29) -> 24
B11: Skewness | C11: =IFERROR(SKEW('Returns & Sharpe'!C6:C29),"-") -> -
B12: Excess kurtosis (0 = normal) | C12: =IFERROR(KURT('Returns & Sharpe'!C6:C29),"-") -> -
B13: Periodic (monthly) Sharpe ratio, SR-hat | C13: =IFERROR(('Returns & Sharpe'!C35-'Returns & Sharpe'!C32/12)/'Returns & Sharpe'!C36,"-") -> -
B15: Probabilistic Sharpe Ratio
B16: PSR denominator: sqrt(1 - skew x SR + (kurt+2)/4 x SR^2) | C16: =IFERROR(SQRT(1-C11*C13+(C12+2)/4*C13^2),"-") -> - | D16: Bailey & Lopez de Prado (2012). Reduces to sqrt(1/(n-1)) under normality (skew=0, excess kurt=0).
B17: PSR z-statistic: (SR-hat - SR*) x sqrt(n-1) / denominator | C17: =IFERROR((C13-C6)*SQRT(C10-1)/C16,"-") -> -
B18: PSR = P(true Sharpe > SR*) | C18: =IFERROR(NORMSDIST(C17),"-") -> - | D18: Below ~95% is a real reason to doubt the headline Sharpe, no matter how good it looks
B20: Minimum Track Record Length
B21: z-score at chosen confidence (NORMSINV) | C21: =IFERROR(NORMSINV(C7),"-") -> 1.6448536
B22: MinTRL (periods needed at this confidence) | C22: =IFERROR(IF(C13<=C6,"undefined -- SR-hat must exceed SR*",1+(1-C11*C13+(C12+2)/4*C13^2)*(C21/(C13-C6))^2),"-") -> - | D22: How many periods of track record, at this sample's skew/kurtosis, would be needed to be this confident SR-hat truly exceeds SR*
B23: Track record adequate? (n vs. MinTRL) | C23: =IF(OR(NOT(ISNUMBER(C22)),NOT(ISNUMBER(C10))),"-",IF(C10>=C22,"ADEQUATE","TOO SHORT -- treat SR-hat with caution")) -> -

Sheet Position Sizing
B2: Position Sizing (Kelly & Fixed Fractional)
B5: Win rate (%) | C5: 0.55
B6: Avg win / avg loss ratio (payoff ratio) | C6: 1.5
B7: Account equity ($) | C7: 0
B8: Max risk per trade (fixed-fractional, %) | C8: 0.01
B10: Kelly fraction = W - (1-W)/R | C10: =C5-(1-C5)/C6 -> 0.25 | D10: Full Kelly is aggressive — most practitioners use 1/4 to 1/2 Kelly
B11: Half-Kelly position size ($) | C11: =IFERROR(C7*C10/2,"-") -> 0
B12: Fixed-fractional position size ($) | C12: =C7*C8 -> 0

Sheet Sources
B2: Sources
B3: What each material assumption or convention in this model comes from.
B5: Assumption / convention | C5: Source | D5: As of | E5: Note
B6: Probabilistic Sharpe Ratio (PSR) | C6: Bailey, D. and Lopez de Prado, M. (2012), "The Sharpe Ratio Efficient Frontier" | D6: Peer-reviewed methodology | E6: Assumes returns are i.i.d. within the sample (no autocorrelation adjustment) -- a genuinely autocorrelated strategy needs a further effective-sample-size correction this doesn't apply
B7: Minimum Track Record Length (MinTRL) | C7: Bailey, D. and Lopez de Prado, M. (2012), same PSR paper | D7: Peer-reviewed methodology | E7: A diagnostic for how much history is needed at the CURRENT sample's skew/kurtosis, not a guarantee those higher moments are stable out of sample
B8: Kelly criterion, W - (1-W)/R | C8: Kelly (1956) criterion for edge-optimal position sizing | D8: Standard practice | E8: Assumes win rate and payoff ratio are known and stationary -- in practice both are estimated with error, hence the 1/4-1/2 Kelly practitioner convention
B9: Sharpe/Sortino/max drawdown/CAPM beta-alpha | C9: Standard risk-adjusted performance measurement conventions | D9: Standard practice | E9: Monthly-periodicity annualization (x12, xsqrt(12)) throughout -- would need adjustment for a different return frequency

Sheet Checks
B2: Checks
B3: Live reconciliation identities -- independent of the model's own formulas, must tie.
B5: Check | C5: Result | D5: Passes when
B6: PSR z-statistic sign matches whether SR-hat beats the benchmark (denominator is always positive) | C6: =IF(NOT(ISNUMBER('Statistical Significance'!C17)),TRUE(),IF('Statistical Significance'!C13>='Statistical Significance'!C6,'Statistical Significance'!C17>=0,'Statistical Significance'!C17<=0)) -> TRUE | D6: TRUE
B7: MinTRL is undefined (not a false low number) when SR-hat doesn't exceed SR* | C7: =IF('Statistical Significance'!C13<='Statistical Significance'!C6,'Statistical Significance'!C22="undefined -- SR-hat must exceed SR*",TRUE()) -> TRUE | D7: TRUE
B8: Max drawdown is always <= 0 (a decline, never a gain, by definition) | C8: =IF(ISNUMBER('Returns & Sharpe'!C42),'Returns & Sharpe'!C42<=0,TRUE()) -> TRUE | D8: TRUE
B9: Half-Kelly is exactly half of full Kelly | C9: =IFERROR('Position Sizing'!C11-('Position Sizing'!C7*'Position Sizing'!C10/2),"-") -> 0 | D9: 0 (exact) once account equity is populated

Sheet RefreshLog
B2: Refresh Log
B4: Date | C4: Trigger | D4: What changed | E4: Reviewer notes | F4: Next check
